filename,R,G,B,H,S,V,contrast,correlation,energy,homogeneity,label
1001.jpg.jpeg,70.70416135204081,82.47833625637755,96.61955915178571,104.23939732142857,94.82176737882654,96.79825015943878,20.23746796925048,0.9964178758346545,0.02826981240611749,0.34595428388746036,segar
1123.jpeg,72.16392299107143,85.80542490433673,101.90933912627551,103.9547193877551,87.57684948979592,102.03689014668367,22.8439501921845,0.994427440641239,0.02844060268135414,0.3775174195145474,segar
1233313.jpeg,133.50627790178572,151.8313536352041,169.9686902104592,103.65535315688776,57.15433673469388,169.98078762755102,29.967769058295964,0.9934364847640119,0.023881366966627123,0.3345823059509044,segar
1233331.jpeg,136.5778260522959,147.1066446109694,154.43433115433675,101.60154257015306,37.909398915816325,154.47580516581633,30.61406950672646,0.9949181302223339,0.018411418463252626,0.2583212133753836,segar
13232324.jpeg,117.5938496492347,125.97433035714286,132.4332948022959,101.55578364158163,43.45077327806123,132.61840322066325,42.20201393337604,0.9946514537228559,0.020496135945438206,0.2715640904895682,segar
13233131.jpeg,163.48788265306123,172.48148517219389,179.64558753188774,102.31232063137755,29.624282525510203,179.65489477040816,32.29428251121077,0.9958096207562069,0.028838888014784292,0.3036208865015205,segar
1344415.jpeg,89.42231345663265,93.0452806122449,98.25179368622449,92.39467075892857,47.686104910714285,100.32380022321429,13.79161995515695,0.997305428265239,0.026988783708201652,0.40138826773245917,segar
1424314.jpeg,92.6620097257653,103.97130102040816,115.18628427933673,100.63628029336735,75.32613201530613,115.56931600765306,28.12868353619475,0.9961051173867144,0.02183316743189788,0.34082492375641876,segar
1434414.jpeg,135.6234056122449,140.39939413265307,144.05024314413265,95.62810905612245,22.208266900510203,144.8317323022959,36.08978619474696,0.9944782947582591,0.018104962138729284,0.27837060197288777,segar
19254.jpg.jpeg,109.23527184311224,117.21711575255102,124.93391262755102,100.84917091836735,46.437779017857146,125.27080676020408,24.709381005765533,0.9957519804685971,0.024829678545242283,0.3826322338308119,segar
19255.jpg - Copy (10).jpeg,91.71420599489795,103.0654296875,115.50173389668367,100.24294483418367,71.70629384566327,115.97997050382654,48.77350256245995,0.992053769540784,0.022455147827013,0.26394262027667115,segar
19255.jpg - Copy (11).jpeg,130.04135443239795,142.7750916772959,150.53368144132654,100.09014269770408,47.36575255102041,150.95619419642858,81.89571989109544,0.9893824236090755,0.015879808903031426,0.19207509277468188,segar
19255.jpg - Copy (12).jpeg,77.40987723214286,104.99422034438776,147.78087133290816,106.52154416454081,128.4923867984694,147.8319714604592,85.32198910954517,0.9867171848240066,0.019161576667354994,0.22616317652010132,segar
19255.jpg - Copy (13).jpeg,90.7568359375,100.48844068877551,113.33671476403062,99.45282605229592,69.16412228954081,114.13893096301021,26.477818705957716,0.9957874901087759,0.02324896318758069,0.3260996934127638,segar
19255.jpg - Copy (14).jpeg,112.1051100127551,124.33306760204081,135.654296875,100.64594626913265,63.97309470663265,135.859375,83.85440022421525,0.9904901279314531,0.03353209827690459,0.2578522386943137,segar
19255.jpg - Copy (15).jpeg,113.97064333545919,129.26953125,148.26522640306123,103.8018574617347,70.0843431122449,148.5251913265306,72.86254804612427,0.9890731772034792,0.015779157633548042,0.21988766625579137,segar
19255.jpg - Copy (16).jpeg,129.97233737244898,149.80893255739795,170.86583227040816,105.34701849489795,70.06652582908163,170.86583227040816,42.59885490070467,0.9930865457844359,0.017683594489637387,0.2573468532583979,segar
19255.jpg - Copy (18).jpeg,122.26755819515306,129.25916772959184,139.66193000637756,106.41466039540816,45.23517219387755,139.83872767857142,56.96500640614991,0.9906937363832017,0.01785692964670491,0.2637023812331398,segar
19255.jpg - Copy (19).jpeg,114.95982142857143,121.07407924107143,131.0240553252551,99.59392936862245,41.67267219387755,132.62751116071428,20.75632607303011,0.9943282990111777,0.027297600967431487,0.38932516109901705,segar
19255.jpg - Copy (2).jpeg,88.51797672193878,101.65935905612245,121.83729272959184,97.23323899872449,84.2088847257653,123.5863958864796,56.59691303651505,0.989789420513596,0.021745875465072468,0.2772983050393706,segar
19255.jpg - Copy (20).jpeg,125.76574457908163,134.55901227678572,147.91438137755102,101.47997050382654,45.73299984056123,148.67414700255102,41.778667520819994,0.9914403261127085,0.01895610164865737,0.2769133841050364,segar
19255.jpg - Copy (3).jpeg,126.50789221938776,140.02818080357142,153.53724888392858,104.14301658163265,54.63197544642857,153.58059630102042,120.09893497757847,0.983837977050753,0.013493524988504,0.17030094761593634,segar
19255.jpg - Copy (4).jpeg,136.6477598852041,151.2469706632653,164.47052375637756,103.74426020408163,60.68014588647959,164.51516661352042,72.21032190903267,0.9933374911334759,0.018327017740088842,0.23934543241981757,segar
19255.jpg - Copy (5).jpeg,96.3463209502551,109.75711495535714,122.81401466836735,103.22120137117346,76.73754384566327,123.03459821428571,42.158692344650866,0.9942514609739251,0.019521227399193663,0.2919421929463406,segar
19255.jpg - Copy (6).jpeg,148.44722576530611,162.67042012117346,181.3356784119898,102.74202806122449,58.89805883290816,182.12810905612244,28.251141095451636,0.9967175882720798,0.022638478948002673,0.30844560664894355,segar
19255.jpg - Copy (7).jpeg,116.21859056122449,132.5295958227041,149.18203922193877,104.36491549744898,70.80064174107143,149.2578722895408,56.20425608584242,0.9923581212701718,0.01688254056898569,0.2361550418811077,segar
19255.jpg - Copy (8).jpeg,115.75269052933673,132.48624840561226,152.79191246811226,105.91495934311224,78.00332828443878,152.79191246811226,98.06442184497115,0.9883730994271597,0.01631139457729792,0.20446448215800467,segar
19255.jpg - Copy (9).jpeg,116.48670679209184,127.34542410714286,136.1668327487245,101.00886878188776,54.44939811862245,136.47500797193877,93.3731782511211,0.9893664027831254,0.02464192995340293,0.21830857759216027,segar
19256(1).jpg,114.17159598214286,134.2523118622449,147.81503109056123,83.57075095663265,71.8526387117347,150.92040019132654,37.19951153106983,0.9952701602454833,0.024439370543913364,0.32540795790480337,segar
19256-1(1).jpg,151.17051977040816,151.70766900510205,151.58163265306123,74.53637197066327,12.476143973214286,154.32969945790816,56.89624039077515,0.9920847601350736,0.01615394017236095,0.22327725971929097,segar
19256-1(10).jpg,198.4129264987245,195.87167171556123,179.07362085459184,28.836953922193878,27.381716358418366,199.00795200892858,28.78481342088405,0.9949405855436596,0.052121370279834614,0.45201917768956146,segar
19256-1(11).jpg,111.1519850127551,137.57631138392858,148.83635602678572,57.2587890625,90.73533163265306,158.28683035714286,8.398082158872517,0.9983235856964695,0.04923782228065509,0.5524727424181033,segar
19256-1(12).jpg,192.22130102040816,189.61477598852042,171.93377311862244,28.27439413265306,30.333785076530614,192.92641900510205,29.21056213965407,0.9950296468308027,0.04430794198186357,0.4154203624036474,segar
19256-1(13).jpg,126.29862882653062,127.40441645408163,118.93094308035714,48.52915736607143,38.62280771683673,130.1575255102041,24.855921684817424,0.9973043966255185,0.028685542238072157,0.39972977269182575,segar
19256-1(14).jpg,124.34177694515306,136.33304767219389,139.54007892219389,50.94999601403061,64.76612324617346,150.5919961734694,38.88232703395259,0.9933794182255526,0.035592199953529885,0.38417208168593026,segar
19256-1(15).jpg,68.21886957908163,98.09382971938776,125.05141900510205,102.41242825255102,106.50191326530613,126.08906648596938,17.985806374119157,0.9959059934654978,0.0749604270763839,0.4938925471561721,segar
19256-1(16).jpg,147.13950892857142,149.1735690369898,141.32995854591837,59.82830436862245,45.62679368622449,153.9971699617347,56.86809336963484,0.9958452762333023,0.03383696839921334,0.3636216687097791,segar
19256-1(17).jpg,156.28451849489795,157.81427375637756,147.48636798469389,53.32328204719388,44.5046237244898,162.18510841836735,40.992432735426014,0.9969796097472003,0.039189947951458415,0.4000704967926063,segar
19256-1(18).jpg,132.92625956632654,135.53013392857142,130.23610889668367,58.28262515943877,39.66446109693877,139.5632772640306,31.117813100576555,0.9970466191076295,0.026649155451422372,0.3824338167356661,segar
19256-1(19).jpg,100.22566565688776,114.7633131377551,124.23760363520408,66.07860331632654,69.87906568877551,130.41838727678572,36.61214766175529,0.9938814350411939,0.02643878692270999,0.34894298693821274,segar
19256-1(2).jpg,118.61668925382654,122.10235969387755,127.0440449617347,96.82005341198979,37.342753507653065,128.5558633609694,62.68685938500961,0.9928220571897534,0.015284991204494168,0.21700804077384667,segar
19256-1(20).jpg,87.59988839285714,104.58862802933673,117.04864875637755,78.33928571428571,82.67610012755102,121.55614237882654,28.676209160794365,0.9953972483941534,0.03619052252258962,0.39778465227924864,segar
19256-1(21).jpg,97.67775430484694,108.55570392219387,114.96946747448979,71.88169642857143,63.30909199617347,120.48820153061224,27.404748558616273,0.9957115871705472,0.033918363966079355,0.3846491857774035,segar
19256-1(22).jpg,120.76050302933673,129.09353077168367,133.01309390943877,55.925083705357146,68.02120535714286,141.78894292091837,48.1043802049968,0.9947443421858129,0.02394505237852848,0.3208451646452064,segar
19256-1(23).jpg,86.03742825255102,105.43423150510205,119.49559550382654,79.34414859693878,87.10407366071429,123.95587531887755,31.073130204996797,0.9948058339083132,0.03855360009007638,0.4031659710550286,segar
19256-1(3).jpg,116.24946189413265,118.03557477678571,119.16629464285714,55.98455436862245,35.42494419642857,124.9429009885204,50.363408872517624,0.9913818392987586,0.018667499883610234,0.2659208557076823,segar
19256-1(4).jpg,116.57485650510205,124.75119579081633,128.43301578443877,86.52734375,41.437420280612244,130.4967115752551,48.37700192184497,0.9941447919089871,0.016548303012145292,0.2517223561280786,segar
19256-1(5).jpg,127.63799426020408,141.90359933035714,150.96320950255102,67.81020806760205,53.89405293367347,156.28774713010205,21.086943465727096,0.9944763588160621,0.034123628428723414,0.4176304661285762,segar
19256-1(6).jpg,93.369140625,107.59111926020408,119.24461894132654,89.73985570790816,63.45491868622449,122.05687978316327,20.68125400384369,0.9948608293755256,0.03343543018208632,0.39239677549764224,segar
19256-1(7).jpg,88.73018973214286,85.18943319515306,74.59458705357143,35.34859295280612,67.42456552933673,92.53053252551021,23.781910634208845,0.9947928591562246,0.039575362012192,0.41315548675757097,segar
19256-1(8).jpg,160.7238919005102,155.6326132015306,143.70916374362244,25.380759725765305,31.279017857142858,161.5700534119898,40.428611467008324,0.9937861656810011,0.023342151173827586,0.3255153320650445,segar
19256-1(9).jpg,118.7958984375,143.19782366071428,150.74663185586735,53.13333067602041,88.83013791454081,164.4423230229592,15.288276745675848,0.9970652401066823,0.05861164951513578,0.5024580904854604,segar
19256.jpg,150.39803890306123,150.98995535714286,150.31770169005102,72.35024713010205,12.508370535714286,153.32120934311226,52.75114109545163,0.9927985650426374,0.01710010422645446,0.23783948213097822,segar
20260613_105959.jpg,122.55265465561224,129.47839604591837,138.86774553571428,71.01596380739795,60.991230867346935,145.25721460459184,60.94738949391416,0.9917063537385976,0.01804901027689707,0.24987167800939772,segar
213331312.jpeg,92.93078364158163,99.69754464285714,105.55534518494898,101.69122688137755,40.60682397959184,105.79555963010205,18.048306374119154,0.9955344122567343,0.02326190974278029,0.3204391414093187,segar
234424.jpeg,66.35674426020408,70.4029615752551,74.56788105867346,100.1131816007653,52.99683115433673,75.0682597257653,25.25328315182575,0.9930855036947227,0.029167554726954002,0.3106682695714042,segar
234424124.jpeg,139.22869499362244,150.2029655612245,157.01173867984693,98.41033561862245,34.40638950892857,157.29320790816325,39.22863949391416,0.9934809498567405,0.01852270546636886,0.26281096580807195,segar
23444434.jpeg,81.42883051658163,87.65973772321429,95.89219945790816,96.15688775510205,62.43823740433673,97.48290019132654,19.894158392056376,0.9959427211989443,0.025474512506402102,0.360339001988357,segar
23552335325.jpeg,170.626953125,165.1680683992347,151.6600964604592,24.811662946428573,30.727279974489797,170.87033641581633,24.065062459961563,0.9962339102521045,0.029854602146696992,0.3910303800902978,segar
2355525.jpeg,114.24021444515306,118.02008928571429,116.16059470663265,55.32358099489796,36.30193718112245,123.7698899872449,32.71418561819346,0.994569002064882,0.021161024126599287,0.3271608609500264,segar
24324242.jpeg,111.66816804846938,119.44909917091837,125.6709980867347,100.37440210459184,37.95770886479592,126.05831473214286,29.248778827674567,0.9941612208097328,0.019885005138832037,0.28878393049468243,segar
243445.jpeg,120.90431680484694,135.59572305484693,137.5022520727041,51.134207589285715,69.99410076530613,148.89835778061226,7.8992432735426,0.9984254721548702,0.03819072447826676,0.5268961559876192,segar
325535.jpeg,140.1688855229592,141.99946189413265,136.11967873086735,45.90648915816327,22.133350605867346,144.02002949617346,18.319927130044846,0.9963416319484651,0.028366748658922615,0.3846706367800521,segar
34212241.jpeg,120.56503109056122,133.36918048469389,145.88632015306123,102.76472815688776,55.6435546875,146.04069674744898,14.45825992953235,0.9975725208158954,0.023784082686499876,0.3766907263902402,segar
423424.jpeg,181.21873007015307,181.87338568239795,166.95705117984693,42.24760841836735,37.61362005739796,185.59650031887756,32.936559096732864,0.9967177552095184,0.04858169586077283,0.4422091149297963,segar
432424324.jpeg,163.95268654336735,164.34685905612244,163.89969308035714,73.75396603954081,8.819415656887756,166.29496173469389,51.23046124279308,0.9931990598726156,0.020032321744703895,0.25272556417258457,segar
435235.jpeg,158.92297114158163,160.4583665497449,149.7331393494898,42.94887994260204,32.13785475127551,162.60305723852042,24.70405589365791,0.9972721774655855,0.03186733242196089,0.41732776571423413,segar
4432421.jpeg,83.4614556760204,134.5183553890306,180.8435507015306,103.90880102040816,143.79155373086735,180.90971779336735,52.09467088404868,0.9936166581197051,0.05106530244495098,0.4046617993274199,segar
524335325.jpeg,113.66517857142857,124.64803890306122,128.6146165497449,61.98862005739796,52.959642059948976,135.3926777742347,27.575432415118517,0.9949302903852845,0.031199420479882656,0.3695645941004695,segar
543255235.jpeg,127.38735650510205,133.07497608418367,133.80269451530611,50.63823341836735,59.77270009566327,143.46719547193877,47.01273222293402,0.9947542455771697,0.021864336576273517,0.3072973109511562,segar
g.jpeg,86.82517538265306,94.04494180484694,108.35993303571429,100.21940768494898,77.70248724489795,110.75560028698979,24.377102017937226,0.9958378444639381,0.02907534939964673,0.3964326469238204,segar
IMG20260613102000.jpg,111.59992825255102,110.89835778061224,112.6224290497449,81.3500677614796,39.292550223214285,118.15210459183673,52.76121076233184,0.9926612175965099,0.021326735656546653,0.26760753990245734,segar
IMG20260613102013.jpg,144.56006855867346,151.11971859056123,153.16198979591837,83.00191326530613,36.657106983418366,157.32505580357142,62.09302930813582,0.9918524954500237,0.017290405549854043,0.2317084804284903,segar
IMG20260613102016.jpg,141.64327566964286,149.1651387117347,152.5216438137755,61.960518973214285,44.04966517857143,159.94571109693877,57.97643737988469,0.9869759100201559,0.02083696772494622,0.23214253361261483,segar
IMG20260613102019.jpg,128.32110969387756,127.13117825255102,126.44533242984694,64.59466677295919,33.873066804846935,131.9027024872449,59.7606302049968,0.9920308478958333,0.03847204731902284,0.25711127533839795,segar
IMG20260613102027.jpg,144.49240672831633,146.4806680484694,145.06784119897958,75.06612723214286,20.103575414540817,149.96434550382654,41.94244474695708,0.9937712032340554,0.017472133456375067,0.25718062530654284,segar
IMG20260613102034.jpg,129.0603874362245,133.23483338647958,136.12639508928572,62.07471699617347,45.976781728316325,145.60313695790816,46.67761050608584,0.9861506369104703,0.02222340644556878,0.26169437667938944,segar
IMG20260613102039.jpg,125.62256855867346,125.97881457270408,126.8843072385204,76.63087930484694,24.91599569515306,130.2081672512755,62.21388532991672,0.9905612267399613,0.017135065260881512,0.23145824798836617,segar
IMG20260613102046.jpg,159.6373365752551,152.7561583227041,145.52409518494898,34.29569913903061,33.701929209183675,163.11393893494898,31.60133728379244,0.9944946136146514,0.020364165594363572,0.2715356478000881,segar
IMG20260613102146.jpg,113.75273038903062,121.0755540497449,129.74260602678572,56.073262117346935,70.34885204081633,138.32218590561226,56.32278987828316,0.9890498452641473,0.033777247983048965,0.3005152294482928,segar
IMG20260613103646.jpg,121.94951769770408,128.8072584502551,143.4339524872449,92.78738839285714,63.85738201530612,151.3616270727041,50.01517456758488,0.9862485941067595,0.031127049040624463,0.3059449931532999,segar
IMG20260613103657 - Copy.jpg,158.32712850765307,155.16232860331633,159.53970025510205,95.57710857780613,27.82975924744898,166.1385124362245,40.76525464445868,0.9899250560272821,0.02012940627859204,0.2672255584620947,segar
IMG20260613103657.jpg,114.6231465242347,117.48359773596938,130.36937978316325,108.44722576530613,75.76014429209184,133.26028380102042,40.94670884048687,0.9963068629982692,0.02740769923044864,0.306168894984439,segar
IMG20260613103708.jpg,119.13781489158163,116.93744021045919,127.9662786989796,88.25374681122449,73.94913903061224,135.40447624362244,33.779468289557975,0.996527203690645,0.02983559773792452,0.38423765792551634,segar
IMG20260613103821 - Copy (4).jpg,93.8509446747449,105.29350685586735,127.22271603954081,105.66701211734694,78.22849569515306,127.57772640306122,61.498258327994876,0.9867463399908041,0.025959604561418617,0.2590950533401886,segar
IMG20260613103821 - Copy (5).jpg,176.83456234056123,175.23256138392858,170.46631855867346,70.13450653698979,27.833227040816325,183.2928093112245,63.377882767456754,0.9879465320943555,0.02328399057844301,0.2959095421642812,segar
IMG20260613103825.jpg,160.77570950255102,156.349609375,154.0215441645408,64.81246014030613,26.89616549744898,165.59416852678572,38.01977898782832,0.9880689692051772,0.027372341149616227,0.3373821217233588,segar
IMG20260613104122 - Copy (2).jpg,95.72405133928571,99.67564174107143,108.01261559311224,90.28972018494898,46.145587531887756,110.62631536989795,9.10550128122998,0.9966800686451359,0.0321174498998676,0.40357604532119257,segar
IMG20260613104122 - Copy (3).jpg,118.77180325255102,120.48028938137755,125.52678571428571,81.36063058035714,35.73126594387755,129.33705357142858,14.43609865470852,0.9960223382774703,0.0317305654436013,0.4129693829498873,segar
IMG20260613104122 - Copy (4).jpg,121.04031808035714,128.07039221938774,139.65754544005102,93.13241390306122,47.586156728316325,142.1465840242347,18.72845932094811,0.9949412793594803,0.04237558341812514,0.4602305999706434,segar
IMG20260613104122 - Copy (5).jpg,47.585518973214285,53.118283641581634,62.72841597576531,106.06096540178571,98.0262675382653,63.5041653380102,16.240831197950037,0.9942660383770511,0.07302862034414635,0.4070536161708736,segar
IMG20260613104122 - Copy.jpg,101.93016581632654,106.97871492346938,111.63743622448979,97.94784359056122,33.46488360969388,113.0024713010204,23.21036194746957,0.9904412624507802,0.027492408076199445,0.3203852002853159,segar
IMG20260613104122.jpg,91.72293526785714,109.88175621811224,128.7527702487245,109.63502471301021,73.19770408163265,129.39084422831633,19.833159833440103,0.9931981356882389,0.0368278702987328,0.3856280243476169,segar
IMG20260613104136 - Copy (2).jpg,115.14219945790816,120.29426419005102,134.42769451530611,101.6309590242347,66.22098214285714,137.72315449617346,19.209981582319024,0.9971725253564191,0.025081660080663915,0.379808462716996,segar
IMG20260613104136 - Copy (3).jpg,103.86507493622449,118.02453364158163,134.8919005102041,104.04231106505102,64.3890306122449,135.42472496811226,12.636270819987189,0.9947659396506917,0.0366181631542552,0.4303113900024833,segar
IMG20260613104136 - Copy (4).jpg,104.89945392219387,121.37996253188776,140.6306002869898,105.18528778698979,68.13843271683673,140.98871970663265,16.66101457399103,0.9925196927684822,0.03959898569180772,0.4010900427371203,segar
IMG20260613104136 - Copy (5).jpg,81.02895806760205,98.39614556760205,118.96743463010205,97.7065728635204,94.91059470663265,119.9985650510204,18.429432254964766,0.9961379497982071,0.04705793345907223,0.42920930204878865,segar
IMG20260613104136 - Copy (6).jpg,78.36445711096938,92.38641980229592,111.76841517857143,97.18417171556122,87.92805325255102,113.15108816964286,10.684196828955798,0.9970662940385627,0.040283863526049395,0.4743789602753178,segar
IMG20260613104136 - Copy.jpg,127.61322146045919,133.71593989158163,144.21635841836735,74.87203045280613,50.901646205357146,148.89164142219389,19.984344971172323,0.9950111674769129,0.030932766500641324,0.36927393404147124,segar
segar.jpg,98.2822265625,95.52136479591837,100.88795440051021,99.18813775510205,46.43427136479592,104.8458027742347,36.25816784112748,0.9960044077701017,0.0245035315602311,0.33938601682047537,segar
segar1.jpg,55.90479512117347,55.761937978316325,60.935327646683675,106.60716278698979,57.356664540816325,63.38486527423469,25.03197069186419,0.9884995521481973,0.03675144676601503,0.4006445089400433,segar
Segar10.jpg,128.9745097257653,142.8928372130102,168.33699378188774,106.39058514030613,65.85453204719387,168.8098692602041,107.20265454836643,0.9754813222558204,0.01960722767197818,0.23733089432578475,segar
Segar12.jpg,82.30937101403062,80.12422273596938,90.21805245535714,114.8882134885204,55.619838169642854,92.46625876913265,72.91826153106985,0.9880335619044784,0.02819051794094975,0.3093970021940584,segar
Segar13.jpg,110.70679209183673,113.35606664540816,126.40122767857143,109.13791454081633,43.70908402423469,127.4876634247449,75.51965887251762,0.9829889851726274,0.019264080023863945,0.2706936186500488,segar
Segar15.jpg,112.18929368622449,124.60407366071429,150.87840800382654,110.08073580994898,82.90664859693878,150.91489955357142,82.07931614349775,0.9906775612396114,0.024875161812429575,0.31288493039992615,segar
segar2.jpg,142.3252551020408,143.2243502869898,153.64592633928572,101.5639349489796,51.75673628826531,155.8467394770408,61.32357062780268,0.9946413049991476,0.02713069082150315,0.3401680555321742,segar
Segar3.jpg,116.84847337372449,119.85951450892857,124.88502471301021,110.8099290497449,36.00396603954081,128.78132971938774,59.786254804612426,0.9901020716765394,0.0195162020560607,0.27005678203224504,segar
Segar4.jpg,113.95932318239795,118.45424107142857,123.14538823341837,102.42633928571429,47.92464524872449,126.80877311862245,34.79190022421525,0.9962383906859023,0.02562872042808543,0.3311143189945096,segar
Segar5.jpg,105.10008769132654,142.50480309311226,195.2844786352041,108.56421396683673,116.20599489795919,195.40967793367346,89.8032711402947,0.9802616370420101,0.020361459398828545,0.24146041134132745,segar
Segar6.jpg,77.00153459821429,86.99914301658163,114.85995296556122,111.86756616709184,98.30616230867346,114.96552136479592,92.19066303651505,0.9764500664609173,0.02078016572096627,0.23184620364956585,segar
Segar7.jpg,59.000318877551024,73.43136160714286,109.65961814413265,112.11790497448979,126.25747369260205,109.6596380739796,88.06970691864188,0.9761744685105342,0.038459497814422344,0.33831957706140164,segar
Segar8.jpg,53.36172672193877,74.15603077168367,108.74105149872449,109.2681959502551,123.53834502551021,109.11818399234694,74.60994554772581,0.9730835105334756,0.027811410577635528,0.30659590660299263,segar
Segar9.jpg,77.64455117984694,87.61182637117346,112.20284598214286,110.96169483418367,93.34869260204081,112.24077248086735,84.30821588725176,0.9836360479193271,0.021626691365334894,0.2751901632447145,segar
Segar[1].jpg,144.3427136479592,148.92641900510205,159.10782047193877,106.17414700255102,31.594886001275512,160.3805604272959,62.79974775784754,0.9833634719426416,0.0188677230897088,0.2233305095258497,segar
WhatsApp Image 2026-06-15 at 15.28.02 (1).jpeg,136.24148995535714,153.2842394770408,166.48098692602042,98.6392897002551,48.60190130739796,167.12025669642858,48.82837524023063,0.9859384598450098,0.023631277683004492,0.3071243806158111,segar
1111.jpeg,146.96159518494898,138.75121572066325,133.67133689413265,35.83773118622449,34.273317920918366,149.2171556122449,67.04550368353618,0.9849595459695405,0.01947535072536245,0.2475889688268363,tidak_segar
12333123.jpeg,59.04599808673469,60.07665019132653,64.67101801658163,107.05446827168367,81.14198022959184,66.84054129464286,22.04268097373479,0.9959269195950309,0.06147418924243084,0.34439926128321807,tidak_segar
12333323.jpeg,81.36521444515306,100.34444754464286,125.34715800382654,95.16244818239795,88.14967315051021,127.12507971938776,30.05082879564381,0.9933291000631116,0.02300181193805076,0.30857280531946973,tidak_segar
19250.jpg.jpeg,148.08689413265307,146.95172991071428,150.22098214285714,58.610710299744895,36.13034119897959,157.21645806760205,66.79256085842408,0.9902397867915148,0.021277613528911155,0.29412241862775806,tidak_segar
19255.jpg.jpeg,82.2181321747449,100.00667649872449,131.29591836734693,104.8150709502551,97.12533880739795,132.35981345663265,17.078135009609227,0.9961244700850593,0.03337543256423175,0.3868116096337021,tidak_segar
533653.jpeg,98.29089604591837,107.90587133290816,120.4155572385204,96.06287866709184,59.32182716836735,122.65617028061224,40.33440102498398,0.9914250727019631,0.029117641831022226,0.36967157564052394,tidak_segar
543255353.jpeg,79.06431361607143,79.3452447385204,70.66202965561224,39.62886639030612,78.39166135204081,87.19632892219387,14.888272741832159,0.9962779545559143,0.03865256450660062,0.4481370554436284,tidak_segar
g (2).jpg,136.09378985969389,142.2179328762755,156.82240513392858,89.70878507653062,50.05151865433673,160.4744100765306,51.368834080717484,0.9906569583865019,0.019493744161252054,0.2541992484655958,tidak_segar
g (3).jpg,150.0026705994898,146.3349011479592,147.97251674107142,62.85975366709184,56.94882015306123,159.23796237244898,86.4051689622037,0.9901104567723502,0.049108815857500016,0.3155083713566006,tidak_segar
g (4).jpg,146.0999083227041,137.49659199617346,146.03796635841837,92.56544961734694,43.80777662627551,158.44090800382654,65.86741271620755,0.9761208248487909,0.024901743200073937,0.29185197827703885,tidak_segar
g (5).jpg,143.7295519770408,127.91527822066327,137.14598612882654,121.48756377551021,49.00189333545919,150.6500318877551,85.25080076873799,0.979076326105462,0.019144884258416567,0.23407705759908343,tidak_segar
g (6).jpg,143.68845663265307,130.04452327806123,127.65525350765306,70.46871014030613,50.40292171556123,148.49641262755102,34.28383247918001,0.9929178571730293,0.030879246991898663,0.374429382156219,tidak_segar
g (7).jpg,120.87091438137755,128.78784677933675,144.59731744260205,94.29073660714286,56.18540736607143,147.09851323341837,43.7361467008328,0.9901413005781458,0.020667470175248965,0.261522674673731,tidak_segar
g (8).jpg,133.91358418367346,140.64118303571428,158.77088647959184,94.77772241709184,67.15605070153062,163.60794005102042,52.31239990390775,0.9933581179782853,0.027513704765607692,0.3040571912633845,tidak_segar
g (9).jpg,135.03148915816325,144.19535235969389,159.12820870535714,100.17960778061224,46.98481345663265,160.5272839604592,44.63767216527867,0.9891964903764754,0.020787840186038135,0.26345554888321066,tidak_segar
g.jpg,118.40756536989795,116.04888791454081,121.77198262117346,90.4840162627551,64.8997727997449,130.62342554209184,51.042460762331835,0.9942525106811313,0.0207518391877981,0.27759471627652127,tidak_segar
IMG-20260615-WA0098(1).jpg,157.37240911989795,124.3055644132653,154.0977160395408,143.43987165178572,103.02250079719387,180.4157166772959,37.82411114670083,0.9961664583490142,0.03156178516520556,0.39875569831434665,tidak_segar
IMG-20260615-WA0098(2).jpg,99.69608976403062,88.76106106505102,127.31459263392857,143.57455755739795,127.31070631377551,141.45165019132654,59.01433376040998,0.9911721910090983,0.02785237394108468,0.32079013802141604,tidak_segar
IMG-20260615-WA0098(3).jpg,73.98710538903062,78.35237962372449,131.07672991071428,132.54185267857142,164.69943797831633,139.99904336734693,17.959260890454836,0.9971606944482067,0.051752841238457484,0.5316314382734652,tidak_segar
IMG-20260615-WA0098(4).jpg,129.19373804209184,125.1020208864796,166.08803013392858,132.2847975127551,113.55827487244898,171.91173070790816,48.05070868033312,0.9958938335469516,0.0398651308085561,0.4087666941801085,tidak_segar
IMG_20260615_154415.jpg,98.24834582270408,97.3739237882653,116.84351084183673,72.67695711096938,90.71516262755102,129.92805325255102,33.08123798846893,0.9909166207951071,0.02683489427074751,0.3143979337779141,tidak_segar
IMG_20260615_154625.jpg,140.00281010841837,139.9479432397959,137.04958545918367,55.790058992346935,40.60263871173469,146.65485491071428,76.73484545163356,0.9917837604293674,0.01820375614921391,0.26365316689455537,tidak_segar
IMG_20260615_154651.jpg,132.49711017219389,127.45936304209184,128.99069276147958,47.39166135204081,52.95601482780612,140.93522799744898,85.44226457399103,0.9884687794504731,0.02014332825304164,0.24631640526811394,tidak_segar
IMG_20260615_154718.jpg,125.65238360969387,125.26725924744898,134.7540656887755,71.16454081632654,56.71392697704081,140.88319116709184,94.61438981422165,0.9894789476587429,0.0193545002621629,0.26309924587917966,tidak_segar
IMG_20260615_154746.jpg,137.9530253507653,138.02058753188774,135.64229910714286,57.073022959183675,41.93329480229592,145.06192203443877,74.09475096092248,0.9921599289951217,0.018403575078966675,0.26716764875780014,tidak_segar
IMG_20260615_154828.jpg,63.150609853316325,62.11951929209184,70.8897480867347,114.85122369260205,62.10536910076531,72.97775829081633,10.570807975656631,0.9974373152599949,0.04658823768259527,0.45189890123626564,tidak_segar
IMG_20260615_154910.jpg,100.88767538265306,92.61774553571429,91.34526466836735,60.55805564413265,45.538703762755105,101.84773596938776,21.776445387572068,0.9973310278663778,0.031206561706280302,0.38076857013866106,tidak_segar
IMG_20260615_155021.jpg,101.77804129464286,92.03119021045919,86.20035475127551,48.53174824617347,84.54747289540816,108.32645089285714,21.664177610506087,0.9978455183970026,0.05337530803252215,0.43515621033711627,tidak_segar
IMG_20260615_155058.jpg,65.06449298469387,52.59594228316327,51.36674904336735,59.03334263392857,84.9848931760204,66.21163504464286,14.368293561819348,0.994514916927235,0.03337717366540656,0.4020064380816149,tidak_segar
IMG_20260615_172606.jpg,70.4486009247449,53.43989158163265,87.81576849489795,136.3837292729592,133.0673828125,96.69134646045919,17.969670884048693,0.9955891678865093,0.04471233843698926,0.4271835299939708,tidak_segar
IMG_20260615_172634.jpg,117.02511160714286,91.58155293367346,119.46412627551021,147.76632254464286,81.3774713010204,122.3555683992347,34.90110506085843,0.9946223365425435,0.03653981215925941,0.37238478287797383,tidak_segar
IMG_20260615_172659.jpg,124.43100286989795,68.45772879464286,99.12840800382654,157.74659199617346,139.84988839285714,132.9178093112245,33.05261050608584,0.9943987486857652,0.030761302683648344,0.37807042118424816,tidak_segar
IMG_20260615_172742.jpg,126.32182716836735,87.38966836734694,121.8433912627551,153.1563496492347,119.88767538265306,145.30733816964286,46.82190903267136,0.9909242894147345,0.020363220926964295,0.2764581287709095,tidak_segar
IMG_20260615_172819.jpg,87.02794164540816,70.52250079719387,108.19461495535714,145.6165696747449,132.3767538265306,115.15355947066327,47.066804131966684,0.9928734448471951,0.03879431415439199,0.3696928647378427,tidak_segar
IMG_20260615_172855.jpg,128.39690290178572,76.66547751913265,99.0992506377551,160.38926977040816,120.38233418367346,131.33621651785714,49.67847133247918,0.9929840337845459,0.035897855534223165,0.3309591132822336,tidak_segar
IMG_20260615_172936.jpg,129.6486367984694,97.05769690688776,136.06371572066325,150.2360291772959,124.29601801658163,157.85329639668367,55.46434577194106,0.9911808045317166,0.02109895039793309,0.23734171087628403,tidak_segar
IMG_20260615_172957.jpg,119.87071508290816,69.09227519132654,93.4476243622449,161.19256218112244,132.18413185586735,122.5389628507653,60.52446348494555,0.991775058518954,0.03548758130311798,0.3179258616230529,tidak_segar
IMG_20260615_173031.jpg,86.8021165497449,83.68813775510205,123.54791135204081,137.23806202168367,141.48429528061226,131.1437141262755,35.530389173606665,0.9959700988432632,0.03751108769547602,0.39250222772550053,tidak_segar
IMG_20260615_173055.jpg,133.32866310586735,99.66121253188776,121.63978794642857,157.25599888392858,95.44549186862245,134.70105229591837,114.37754244074311,0.9899127478065387,0.02978428816982103,0.2457396575414041,tidak_segar
IMG_20260615_173129.jpg,113.2105787627551,100.88795440051021,153.08159279336735,135.1912069515306,125.34217554209184,155.75340800382654,59.128783632286996,0.9932888713883468,0.027345482985209238,0.2876084255619199,tidak_segar
IMG_20260615_173208.jpg,128.63179607780611,92.13073979591837,133.5194316007653,146.7356505102041,108.15943877551021,138.4943997130102,37.15514894298527,0.9956955189782931,0.027726129715618542,0.3238553250991003,tidak_segar
IMG_20260615_173400.jpg,155.07852359693877,136.8896484375,169.3698182397959,141.06248007015307,83.58356584821429,174.20651307397958,46.95019218449711,0.9959125354259716,0.02796646125754208,0.36312468356364735,tidak_segar
IMG_20260615_173415.jpg,150.91173070790816,112.36358019770408,144.42237324617346,153.43566645408163,100.44214365433673,161.76108099489795,17.39097533632287,0.9979177880682656,0.029114142177103803,0.40056456818637853,tidak_segar
IMG_20260615_173619.jpg,152.5613639987245,144.40272241709184,147.52622767857142,82.75546077806122,33.93857621173469,159.7189492984694,45.506045803971816,0.9874373913387974,0.0245899980745863,0.334700132739228,tidak_segar
IMG_20260615_173659.jpg,146.83926578443877,130.0332629145408,132.1807238520408,87.43668287627551,41.324976084183675,148.9851522640306,24.563460922485586,0.9933695213429721,0.031760261359694966,0.39231623796645876,tidak_segar
IMG_20260615_173725.jpg,91.47253667091837,83.98973612882654,83.15786431760205,63.15268255739796,49.09956951530612,92.56688456632654,23.439281710442025,0.9970525081403987,0.03411144708177832,0.37770813427505834,tidak_segar
IMG_20260615_173752.jpg,64.91087372448979,52.443678252551024,51.21269132653061,58.776287468112244,85.34739716198979,66.06058673469387,16.783031710442025,0.9935848733143653,0.0329523450576763,0.40005164964410217,tidak_segar
SAVE_20260615_173311.jpg,140.11264349489795,144.07661033163265,139.67857142857142,68.0859375,33.48001036352041,147.3914022640306,41.04159993593851,0.9959862379594137,0.021542130210294184,0.2919715601136674,tidak_segar
SAVE_20260615_173317.jpg,114.93389269770408,138.89347496811226,156.89146205357142,82.29474250637755,78.91603555484694,160.1016621492347,23.19516736066624,0.9966607707598508,0.025883018553461572,0.38174187899602274,tidak_segar
SAVE_20260615_173322.jpg,99.69543207908163,88.75894850127551,127.31411431760205,143.59129862882654,127.29398517219387,141.43845663265307,59.003163036515055,0.9911742970879853,0.027798867237470246,0.3198606474260293,tidak_segar
SAVE_20260615_173334.jpg,157.36124840561226,124.30526546556122,154.09151785714286,143.17257254464286,102.99904336734694,180.3875956632653,37.85061659192825,0.9961632736291853,0.03157435043294737,0.3985087515416706,tidak_segar
Tak segar.jpg,132.6729512117347,133.34121890943877,143.41870615433675,109.646484375,43.635463169642854,147.30618223852042,87.73874919923128,0.9861839109727941,0.01523829454995601,0.20235705850809693,tidak_segar
Taksegar1.jpg,144.98869977678572,137.7532884247449,134.4033801020408,54.21322943239796,57.83607700892857,156.22706074617346,78.22231342088405,0.9878897667264213,0.015487488969710283,0.21012258418027036,tidak_segar
Taksegar10.jpg,156.98507254464286,144.56297831632654,146.71540178571428,89.73909837372449,35.4850924744898,160.08520009566325,29.342809096732864,0.9934441960951885,0.028075364069245615,0.3574701380325346,tidak_segar
Taksegar2.jpg,102.60405373086735,114.90957828443878,136.4745097257653,106.89971301020408,72.7456353635204,137.56180245535714,81.96322469570788,0.987035597615347,0.01719456837593682,0.21903772324986714,tidak_segar
Taksegar6).jpg,66.11967873086735,77.32304288903062,104.10819913903062,114.68815768494898,101.94160554846938,104.23479352678571,61.91641976297245,0.9871340303839973,0.02887263756207472,0.3208437143658094,tidak_segar
Taksegar7.jpg,123.69670758928571,125.53007413903062,140.9289700255102,107.30666055484694,42.237224968112244,142.70129145408163,73.00896860986546,0.9856473986854605,0.016361703687270704,0.21642815725446005,tidak_segar
TakSegar8.jpg,146.02879862882654,139.2692721619898,149.12645487882654,96.65943877551021,40.528679049744895,159.28378109056123,59.57577274183216,0.9825319053914869,0.02315909509419521,0.3040565933220287,tidak_segar
Taksegar9.jpg,147.29920679209184,130.47437021683675,132.62653459821428,87.52132493622449,41.28003427933673,149.4738321109694,44.67102418321589,0.9880295808947459,0.027617554877223362,0.345434647248556,tidak_segar
WhatsApp Image 2026-06-15 at 15.28.01.jpeg,89.4965521364796,116.1694036989796,139.09988839285714,78.81618702168367,90.76498724489795,143.3624043367347,50.524883888533,0.9884268367730495,0.01867099897256652,0.24545720785637526,tidak_segar
WhatsApp Image 2026-06-15 at 15.28.02 (2).jpeg,62.6589205994898,62.90790417729592,80.61848294005102,122.9429009885204,87.64568718112245,85.77610809948979,16.233544202434338,0.9894356133844794,0.044781530701633404,0.46329425352354275,tidak_segar
WhatsApp Image 2026-06-15 at 15.28.02.jpeg,122.78744818239795,134.45609454719389,144.14791932397958,72.56762197066327,54.477220184948976,150.2957389987245,74.07469170403587,0.9891551184521306,0.018384734034410814,0.24522160965961226,tidak_segar
WhatsApp Image 2026-06-15 at 15.28.03 (1).jpeg,79.04613759566327,106.90646922831633,132.1148756377551,105.21793287627551,98.24117107780613,133.10008769132654,10.247377482383088,0.9965823475489064,0.033278432824059824,0.4649883373434318,tidak_segar
WhatsApp Image 2026-06-15 at 15.28.03.jpeg,86.82868303571429,97.32489636479592,118.25368702168367,109.66095344387755,79.20256696428571,121.54015864158163,18.426969891095453,0.9936017008200071,0.031742978679318835,0.41652655769883296,tidak_segar
WhatsApp Image 2026-06-15 at 17.12.46.jpeg,114.92460538903062,138.9044563137755,156.88452646683675,81.71677694515306,78.99093191964286,160.1953722895408,23.158672325432416,0.9966662002005939,0.025917049067312025,0.38208761603483454,tidak_segar
WhatsApp Image 2026-06-15 at 17.20.19.jpeg,140.12404336734693,144.07389987244898,139.63835299744898,68.0247727997449,33.51147959183673,147.3972018494898,41.02120035233824,0.9959873622324308,0.021519649537538852,0.2925195040187686,tidak_segar
